-- Inserciones válidas
INSERT INTO usuarios (nombre, apellido, correo, contrasena, telefono, registro) VALUES
('Juan', 'Pérez', 'juan.perez@email.com', 'hashed_password_1', '555-1234', '2025-03-01 08:30:00'),
('María', 'López', 'maria.lopez@email.com', 'hashed_password_2', '555-5678', '2025-03-02 10:45:00'),
('Carlos', 'Gómez', 'carlos.gomez@email.com', 'hashed_password_3', '555-8765', '2025-03-03 12:20:00'),
('Ana', 'Rodríguez', 'ana.rodriguez@email.com', 'hashed_password_4', '555-4321', '2025-03-04 14:10:00'),
('Luis', 'Martínez', 'luis.martinez@email.com', 'hashed_password_5', '555-6789', '2025-03-05 16:30:00'),
('Sofía', 'Hernández', 'sofia.hernandez@email.com', 'hashed_password_6', '555-7890', '2025-03-06 09:15:00'),
('David', 'Torres', 'david.torres@email.com', 'hashed_password_7', '555-1357', '2025-03-07 11:50:00'),
('Laura', 'Díaz', 'laura.diaz@email.com', 'hashed_password_8', '555-2468', '2025-03-08 13:40:00'),
('Pedro', 'Sánchez', 'pedro.sanchez@email.com', 'hashed_password_9', '555-3698', '2025-03-09 15:20:00'),
('Elena', 'Ramírez', 'elena.ramirez@email.com', 'hashed_password_10', '555-9876', '2025-03-10 17:05:00'),
('Javier', 'Mendoza', 'javier.mendoza@email.com', 'hashed_password_11', '555-5432', '2025-03-11 08:25:00'),
('Gabriela', 'Flores', 'gabriela.flores@email.com', 'hashed_password_12', '555-6543', '2025-03-12 10:30:00'),
('Fernando', 'Vargas', 'fernando.vargas@email.com', 'hashed_password_13', '555-7654', '2025-03-13 12:10:00'),
('Patricia', 'Cruz', 'patricia.cruz@email.com', 'hashed_password_14', '555-8765', '2025-03-14 14:55:00'),
('Raúl', 'Jiménez', 'raul.jimenez@email.com', 'hashed_password_15', '555-9870', '2025-03-15 16:40:00'),
('Carmen', 'Paredes', 'carmen.paredes@email.com', 'hashed_password_16', '555-2109', '2025-03-16 09:05:00'),
('Ricardo', 'Reyes', 'ricardo.reyes@email.com', 'hashed_password_17', '555-3218', '2025-03-17 11:50:00'),
('Andrea', 'Castro', 'andrea.castro@email.com', 'hashed_password_18', '555-4327', '2025-03-18 13:30:00'),
('Hugo', 'Ortega', 'hugo.ortega@email.com', 'hashed_password_19', '555-5436', '2025-03-19 15:20:00'),
('Monica', 'Silva', 'monica.silva@email.com', 'hashed_password_20', '555-6545', '2025-03-20 17:10:00');

INSERT INTO roles (nombre, descripcion) VALUES
('ADMIN', 'Rol asignado a los usuarios con permisos de gestión y administración del sistema.'),
('USER', 'Rol asignado a los usuarios que solicitan servicios en el sistema.');

INSERT INTO usuarioroles (usuario_id, rol_id) VALUES
(1, 1),
(2, 1),
(3, 2),
(4, 1),
(5, 1),
(6, 2),
(7, 1),
(8, 1),
(9, 2),
(10, 1),
(11, 1),
(12, 2),
(13, 1),
(14, 1),
(15, 2),
(16, 1),
(17, 1),
(18, 2),
(19, 1),
(20, 1);

INSERT INTO servicio (nombre, descripcion, duracion, precio, estatus) VALUES
('Masaje Relajante', 'Un masaje suave para aliviar el estrés y mejorar la circulación.', 60, 500.00, 'disponible'),
('Masaje Deportivo', 'Masaje intenso para aliviar la tensión muscular en atletas.', 75, 700.00, 'disponible'),
('Masaje Terapéutico', 'Masaje enfocado en aliviar dolores musculares y articulares.', 90, 800.00, 'disponible'),
('Reflexología', 'Masaje en los pies que estimula puntos reflejos para el bienestar general.', 45, 450.00, 'disponible'),
('Masaje con Piedras Calientes', 'Terapia con piedras volcánicas para una relajación profunda.', 60, 600.00, 'disponible'),
('Drenaje Linfático', 'Masaje suave que estimula el sistema linfático y mejora la circulación.', 75, 750.00, 'disponible'),
('Masaje Anticelulítico', 'Terapia para reducir la apariencia de la celulitis.', 50, 550.00, 'disponible'),
('Masaje de Tejido Profundo', 'Masaje fuerte para liberar nudos y tensiones musculares.', 90, 850.00, 'disponible'),
('Shiatsu', 'Masaje japonés basado en la presión de puntos energéticos.', 60, 700.00, 'disponible'),
('Masaje Ayurvédico', 'Masaje tradicional de la India con aceites esenciales.', 75, 900.00, 'disponible'),
('Masaje Reductor', 'Terapia enfocada en modelar el cuerpo y reducir medidas.', 60, 650.00, 'disponible'),
('Terapia de Aromaterapia', 'Masaje con aceites esenciales para equilibrar la mente y cuerpo.', 45, 480.00, 'disponible'),
('Masaje para Embarazadas', 'Masaje especializado para aliviar molestias del embarazo.', 60, 550.00, 'disponible'),
('Quiromasaje', 'Terapia manual para aliviar dolencias musculares.', 75, 800.00, 'disponible'),
('Masaje Energético', 'Terapia holística para restaurar la energía del cuerpo.', 60, 680.00, 'disponible'),
('Masaje Thai', 'Terapia tailandesa combinando estiramientos y presión.', 90, 1000.00, 'disponible'),
('Masaje Kobido', 'Masaje facial japonés para rejuvenecimiento y relajación.', 50, 600.00, 'disponible'),
('Masaje Descontracturante', 'Masaje intenso para aliviar tensiones musculares.', 60, 750.00, 'disponible'),
('Masaje Holístico', 'Masaje integral que combina varias técnicas para armonizar el cuerpo.', 90, 950.00, 'disponible'),
('Masaje Californiano', 'Masaje relajante con movimientos largos y fluidos.', 75, 780.00, 'disponible');

INSERT INTO consultorio (nombre, direccion, telefono) VALUES
('Centro de Bienestar Integral', 'Av. Reforma 123, Ciudad de México', '555-1234'),
('Consultorio Armonía', 'Calle Juárez 45, Guadalajara, Jalisco', '555-5678'),
('Relajación Total', 'Blvd. Independencia 789, Monterrey, Nuevo León', '555-8765'),
('Salud y Vida', 'Carrera 8 #12-34, Bogotá, Colombia', '555-4321'),
('Equilibrio Perfecto', 'Av. Libertador 567, Buenos Aires, Argentina', '555-6789'),
('Vitality Spa', 'Rua das Flores 98, São Paulo, Brasil', '555-7890'),
('Terapias Holísticas', 'Calle Mayor 23, Madrid, España', '555-1357'),
('Masajes & Spa', 'Plaza Central 11, Lima, Perú', '555-2468'),
('Consultorio Zen', 'Carrera 15 #25-50, Medellín, Colombia', '555-3698'),
('Centro de Relajación', 'Av. Bolívar 321, Caracas, Venezuela', '555-9876'),
('Bienestar Total', 'Calle O’Higgins 142, Santiago, Chile', '555-5432'),
('Harmony Clinic', 'Wall Street 120, New York, USA', '555-6543'),
('Cuerpo y Mente', 'Calle 10 #45-67, Quito, Ecuador', '555-7654'),
('Spa Serenidad', 'Calle Paz 33, La Paz, Bolivia', '555-8765'),
('Rehabilitación & Terapia', 'Calle Mitre 88, Montevideo, Uruguay', '555-9870'),
('Masajes Esenciales', 'Calle Sol 22, San José, Costa Rica', '555-2109'),
('Vital Balance', 'Calle Luna 77, Tegucigalpa, Honduras', '555-3218'),
('Relax & Go', 'Calle Mar 66, Ciudad de Panamá, Panamá', '555-4327'),
('Terapias del Alma', 'Av. Insurgentes 555, Ciudad de México', '555-5436'),
('Consultorio Holístico', 'Calle Esperanza 101, Buenos Aires, Argentina', '555-6545');

INSERT INTO horario (consultorio_id, fecha, hora_inicio, hora_fin) VALUES
(1, '2025-03-15', '08:00:00', '12:00:00'),
(2, '2025-03-15', '09:00:00', '13:00:00'),
(3, '2025-03-15', '10:00:00', '14:00:00'),
(4, '2025-03-15', '11:00:00', '15:00:00'),
(5, '2025-03-15', '12:00:00', '16:00:00'),
(6, '2025-03-16', '08:00:00', '12:00:00'),
(7, '2025-03-16', '09:00:00', '13:00:00'),
(8, '2025-03-16', '10:00:00', '14:00:00'),
(9, '2025-03-16', '11:00:00', '15:00:00'),
(10, '2025-03-16', '12:00:00', '16:00:00'),
(11, '2025-03-17', '08:00:00', '12:00:00'),
(12, '2025-03-17', '09:00:00', '13:00:00'),
(13, '2025-03-17', '10:00:00', '14:00:00'),
(14, '2025-03-17', '11:00:00', '15:00:00'),
(15, '2025-03-17', '12:00:00', '16:00:00'),
(16, '2025-03-18', '08:00:00', '12:00:00'),
(17, '2025-03-18', '09:00:00', '13:00:00'),
(18, '2025-03-18', '10:00:00', '14:00:00'),
(19, '2025-03-18', '11:00:00', '15:00:00'),
(20, '2025-03-18', '12:00:00', '16:00:00');

INSERT INTO disponibilidad (consultorio_id, servicio_id) VALUES
  (1, 1),  (1, 2),  (1, 3),
  (2, 2),  (2, 3),  (2, 4),
  (3, 3),  (3, 4),  (3, 5),
  (4, 4),  (4, 5),  (4, 6),
  (5, 5),  (5, 6),  (5, 7),
  (6, 6),  (6, 7),  (6, 8),
  (7, 7),  (7, 8),  (7, 9),
  (8, 8),  (8, 9),  (8,10),
  (9, 9),  (9,10),  (9,11),
 (10,10), (10,11), (10,12),
 (11,11), (11,12),
 (12,12), (12,13),
 (13,13), (13,14),
 (14,14), (14,15),
 (15,15), (15,16),
 (16,16), (16,17),
 (17,17), (17,18),
 (18,18), (18,19),
 (19,19), (19,20),
 (20,20), (20, 1);

INSERT INTO cita (usuario_id, masajista_id, servicio_id, consultorio_id, horario_id, fecha_cita, estatus) VALUES
(1, 3, 5, 2, 1, '2025-03-20 10:00:00', 'programado'),
(2, 4, 8, 3, 2, '2025-03-21 11:30:00', 'completado'),
(3, 5, 2, 4, 3, '2025-03-22 09:00:00', 'cancelado'),
(4, 6, 10, 5, 4, '2025-03-23 14:00:00', 'programado'),
(5, 7, 3, 6, 5, '2025-03-24 15:30:00', 'completado'),
(6, 8, 7, 7, 6, '2025-03-25 08:00:00', 'programado'),
(7, 9, 1, 8, 7, '2025-03-26 10:45:00', 'cancelado'),
(8, 10, 6, 9, 8, '2025-03-27 12:00:00', 'completado'),
(9, 11, 4, 10, 9, '2025-03-28 13:15:00', 'programado'),
(10, 12, 9, 11, 10, '2025-03-29 09:30:00', 'completado'),
(11, 13, 15, 12, 11, '2025-03-30 11:00:00', 'programado'),
(12, 14, 11, 13, 12, '2025-03-31 16:00:00', 'cancelado'),
(13, 15, 14, 14, 13, '2025-04-01 17:30:00', 'completado'),
(14, 16, 13, 15, 14, '2025-04-02 10:00:00', 'programado'),
(15, 17, 12, 16, 15, '2025-04-03 08:30:00', 'cancelado'),
(16, 18, 18, 17, 16, '2025-04-04 14:30:00', 'completado'),
(17, 19, 16, 18, 17, '2025-04-05 15:45:00', 'programado'),
(18, 20, 17, 19, 18, '2025-04-06 09:45:00', 'completado'),
(19, 1, 19, 20, 19, '2025-04-07 12:30:00', 'cancelado'),
(20, 2, 20, 1, 20, '2025-04-08 11:00:00', 'programado');

INSERT INTO pago (cita_id, monto, pago_metodo, pago_estatus, pago_fecha) VALUES
(1, 600.00, 'tarjeta_de_credito', 'completada', '2025-03-20 10:30:00'),
(2, 850.00, 'paypal', 'completada', '2025-03-21 12:00:00'),
(3, 700.00, 'tarjeta_de_debito', 'fallida', '2025-03-22 09:30:00'),
(4, 1000.00, 'transferencia', 'pendiente', '2025-03-23 14:15:00'),
(5, 800.00, 'efectivo', 'completada', '2025-03-24 16:00:00'),
(6, 550.00, 'tarjeta_de_credito', 'pendiente', '2025-03-25 08:45:00'),
(7, 500.00, 'paypal', 'fallida', '2025-03-26 11:00:00'),
(8, 750.00, 'tarjeta_de_debito', 'completada', '2025-03-27 12:30:00'),
(9, 450.00, 'efectivo', 'pendiente', '2025-03-28 13:45:00'),
(10, 700.00, 'tarjeta_de_credito', 'completada', '2025-03-29 10:00:00'),
(11, 950.00, 'transferencia', 'pendiente', '2025-03-30 11:30:00'),
(12, 650.00, 'paypal', 'fallida', '2025-03-31 16:30:00'),
(13, 780.00, 'tarjeta_de_debito', 'completada', '2025-04-01 17:45:00'),
(14, 600.00, 'efectivo', 'pendiente', '2025-04-02 10:30:00'),
(15, 480.00, 'tarjeta_de_credito', 'fallida', '2025-04-03 09:00:00'),
(16, 900.00, 'transferencia', 'completada', '2025-04-04 15:00:00'),
(17, 950.00, 'paypal', 'pendiente', '2025-04-05 16:15:00'),
(18, 1000.00, 'tarjeta_de_debito', 'completada', '2025-04-06 10:00:00'),
(19, 750.00, 'efectivo', 'fallida', '2025-04-07 13:00:00'),
(20, 780.00, 'tarjeta_de_credito', 'pendiente', '2025-04-08 11:45:00');

INSERT INTO resena (usuario_id, servicio_id, calificacion, comentario, fecha_resena) VALUES
(1, 5, 5, 'Excelente servicio, muy recomendado.', '2025-03-10 14:00:00'),
(2, 8, 4, 'Muy bueno, aunque podría mejorar.', '2025-03-11 15:30:00'),
(3, 2, 3, 'Servicio aceptable, pero esperaba más.', '2025-03-12 10:45:00'),
(4, 10, 5, 'Increíble experiencia, volveré pronto.', '2025-03-13 09:00:00'),
(5, 3, 2, 'No cumplió mis expectativas.', '2025-03-14 16:20:00'),
(6, 7, 4, 'Buen servicio, pero algo caro.', '2025-03-15 14:10:00'),
(7, 1, 5, 'Muy relajante, me encantó.', '2025-03-16 11:00:00'),
(8, 6, 3, 'El personal fue amable, pero el masaje regular.', '2025-03-17 13:30:00'),
(9, 4, 4, 'Me gustó, repetiré la cita.', '2025-03-18 12:15:00'),
(10, 9, 5, 'Experiencia perfecta, 100% recomendado.', '2025-03-19 17:00:00'),
(11, 15, 3, 'Podría mejorar la atención.', '2025-03-20 09:30:00'),
(12, 11, 4, 'Muy bueno, aunque un poco corto.', '2025-03-21 15:45:00'),
(13, 14, 2, 'No me gustó, esperaba más profesionalismo.', '2025-03-22 10:00:00'),
(14, 13, 5, 'Uno de los mejores masajes que he recibido.', '2025-03-23 16:30:00'),
(15, 12, 4, 'Atención de calidad, buen ambiente.', '2025-03-24 11:15:00'),
(16, 18, 3, 'Satisfactorio, pero nada extraordinario.', '2025-03-25 14:50:00'),
(17, 16, 5, 'Masaje increíble, súper relajante.', '2025-03-26 12:40:00'),
(18, 17, 4, 'Me gustó, aunque fue un poco corto.', '2025-03-27 10:30:00'),
(19, 19, 2, 'Demasiado básico, esperaba más.', '2025-03-28 15:20:00'),
(20, 20, 5, 'Sin duda regresaré, excelente servicio.', '2025-03-29 13:10:00');
